{
 "name": "Exodus Direct Activate (Q)",
 "plugin": "plugin.video.exodus",
 "id": "provider.openeleq.exodus.direct.activate",
 "movies": [
  [
   {
    "link": "plugin://plugin.video.exodus/?action=play&title={title}&year={year}&imdb={imdb}",
    "action": "PLAY"
   }
  ]
 ],
 "tvshows": [
  [
   {
    "link": "plugin://plugin.video.exodus/?action=play&title={name}&year={year}&imdb={imdb}&tvdb={id}&season={season}&episode={episode}&tvshowtitle={showname}&premiered={firstaired}",
    "action": "PLAY"
   }
  ]
 ]
}
